{"type":"sprite","x":0,"y":0,"name":"","0":{"x":0,"y":571,"name":"handBubble","type":"sprite","r":0,"sx":1,"sy":1,"a":1,"skewX":0,"skewY":0,"0":{"x":180,"y":713,"name":"top","type":"sprite","r":0,"sx":1,"sy":1,"a":1,"skewX":0,"skewY":0,"0":{"type":"bitmap","libName":"011 拷贝@2x.png","x":-153,"y":-197,"r":0,"sx":0.3399658203125,"sy":0.3399658203125,"skewX":0,"skewY":0}},"1":{"x":0,"y":428,"name":"ani","type":"nbMovie","r":0,"sx":1,"sy":1,"a":1,"skewX":0,"skewY":0,"0":{"index":1,"0":{"type":"bitmap","libName":"Lark20201111-162721.png","x":0,"y":0,"r":0,"sx":1,"sy":1,"skewX":0,"skewY":0}},"1":{"index":1,"0":{"type":"bitmap","libName":"Lark20201111-162728.png","x":-1,"y":0,"r":0,"sx":1,"sy":1,"skewX":0,"skewY":0}}},"2":{"x":105,"y":535.2,"name":"lowerGlassTubePos","type":"sprite","r":-2.1816431891813903,"sx":0.999969482421875,"sy":0.999969482421875,"a":1,"skewX":-2.1816431891813903,"skewY":-2.1816431891813903},"3":{"x":177,"y":715,"name":"bottom","type":"sprite","r":0,"sx":1,"sy":1,"a":1,"skewX":0,"skewY":0,"0":{"type":"bitmap","libName":"01 拷贝@2x.png 复制","x":-182,"y":-295,"r":0,"sx":0.3399658203125,"sy":0.3399658203125,"skewX":0,"skewY":0}}},"1":{"x":134.45,"y":543.15,"name":"washTop","type":"nbMovie","r":-1.5707047140533978,"sx":1,"sy":1,"a":0,"skewX":-1.5707047140533978,"skewY":-1.5707047140533978,"0":{"index":2,"0":{"type":"bitmap","libName":"011@2x.png","x":-315,"y":-115,"r":0,"sx":0.3799896240234375,"sy":0.3799896240234375,"skewX":0,"skewY":0},"1":{"type":"bitmap","libName":"011 拷贝@2x.png 复制 2","x":259,"y":-128,"r":0,"sx":0.3799896240234375,"sy":0.3799896240234375,"skewX":0,"skewY":0}},"1":{"index":2,"0":{"type":"bitmap","libName":"022@2x.png","x":-339,"y":-124,"r":0,"sx":0.3799896240234375,"sy":0.3799896240234375,"skewX":0,"skewY":0},"1":{"type":"bitmap","libName":"022 拷贝@2x.png","x":261,"y":-134,"r":0,"sx":0.3799896240234375,"sy":0.3799896240234375,"skewX":0,"skewY":0}},"2":{"index":2,"0":{"type":"bitmap","libName":"033@2x.png","x":-346,"y":-130,"r":0,"sx":0.379974365234375,"sy":0.379974365234375,"skewX":0,"skewY":0},"1":{"type":"bitmap","libName":"033 拷贝@2x.png","x":273,"y":-132,"r":0,"sx":0.3799896240234375,"sy":0.3799896240234375,"skewX":0,"skewY":0}}},"2":{"x":2.35,"y":7.45,"name":"","type":"sprite","r":0,"sx":1.0147705078125,"sy":1,"a":1,"skewX":0,"skewY":0,"linkageClassName":"nb.eqLimitArea|nb.SetRenderableToFalse","0":{"type":"shape","path":[255,0,0,2,0,37.1,2,504.05,37.1,2,504.05,0,2,0,0,2,0,0,1,0.5098039215686274,3381504,33]}},"3":{"x":20.8,"y":619.8,"name":"ani","type":"sprite","r":0,"sx":0.547576904296875,"sy":0.565185546875,"a":1,"skewX":0,"skewY":0,"0":{"type":"shape","path":[255,77.85,0,2,0,0,2,0,80.35,2,77.85,80.35,2,77.85,0,2,77.85,0,1,0,6697932,1,32,0,52275,33]}},"4":{"x":1.7,"y":999.95,"name":"normalStatus","type":"sprite","r":0,"sx":1,"sy":1,"a":1,"skewX":0,"skewY":0,"0":{"x":-11.25,"y":0.05,"name":"switchArea","type":"sprite","r":0,"sx":1,"sy":1,"a":1,"skewX":0,"skewY":0,"0":{"type":"shape","path":[255,0,0.2,2,0,60.6,2,191.25,60.55,2,191.2,0,2,0,0.2,2,0,0.2,1,0,-1,33]}},"1":{"x":0,"y":0,"name":"ani","type":"nbMovie","r":0,"sx":1,"sy":1,"a":1,"skewX":0,"skewY":0,"0":{"index":1,"0":{"type":"bitmap","libName":"b6c0fa39.png","x":0,"y":0,"r":0,"sx":1,"sy":1,"skewX":0,"skewY":0}},"1":{"index":1,"0":{"type":"bitmap","libName":"90160742.png","x":0,"y":0,"r":0,"sx":1,"sy":1,"skewX":0,"skewY":0}},"2":{"index":1,"0":{"type":"bitmap","libName":"Bitmap 1","x":-2.9,"y":0,"r":0,"sx":1,"sy":1,"skewX":0,"skewY":0}},"3":{"index":1,"0":{"type":"bitmap","libName":"95b91018.png","x":-3.25,"y":0,"r":0,"sx":0.5,"sy":0.500030517578125,"skewX":0,"skewY":0}}}},"5":{"x":-22.35,"y":493.55,"name":"rotateWash","type":"sprite","r":0,"sx":1,"sy":1,"a":1,"skewX":0,"skewY":0,"0":{"type":"shape","path":[255,0,0,2,0,84.65,2,253.95,84.65,2,253.95,0,2,0,0,2,0,0,1,0,255,33]}},"6":{"x":0,"y":0,"name":"","type":"sprite","r":0,"sx":1,"sy":1,"a":1,"skewX":0,"skewY":0,"capacityVertex":[{"x":40.6,"y":3},{"x":40.6,"y":995.1},{"x":37.25,"y":1000.45},{"x":7.65,"y":1000.4},{"x":2.6,"y":995.1},{"x":2.6,"y":3}],"0":{"type":"shape","path":[255,3,2.6,2,3,40.6,2,995.1,40.6,2,1000.45,37.25,2,1000.4,7.65,2,995.1,2.6,2,3,2.6,2,3,2.6,1,1,15597045,1,32]}},"7":{"x":87,"y":45.5,"name":"degree2","type":"nbMovie","r":0,"sx":1,"sy":1,"a":0,"skewX":0,"skewY":3.141592653589793,"0":{"index":2,"0":{"type":"bitmap","libName":"00Bitmap 2","x":3,"y":931.05,"r":-1.5707657004423605,"sx":0.4933929443359375,"sy":0.4936370849609375,"skewX":-1.5707657004423605,"skewY":-1.5707657004423605},"1":{"type":"shape","path":[255,3,0,2,3,39.5,2,13.9,39.5,2,13.9,44,2,931,44,2,931,4.55,2,920.05,4.55,2,920.05,0,2,3,0,2,3,0,1,0,3368703,33]}},"1":{"index":1,"0":{"type":"bitmap","libName":"00Bitmap 6","x":3,"y":931.05,"r":-1.5706131013118991,"sx":0.4933929443359375,"sy":0.4916839599609375,"skewX":-1.5706131013118991,"skewY":-1.5706131013118991}}},"8":{"x":-1,"y":45.5,"name":"degree1","type":"nbMovie","r":0,"sx":1,"sy":1,"a":1,"skewX":0,"skewY":0,"0":{"index":2,"0":{"type":"bitmap","libName":"00Bitmap 2","x":3,"y":931.05,"r":-1.5707657004423605,"sx":0.4933929443359375,"sy":0.4936370849609375,"skewX":-1.5707657004423605,"skewY":-1.5707657004423605},"1":{"type":"shape","path":[255,3,0,2,3,39.5,2,13.9,39.5,2,13.9,44,2,931,44,2,931,4.55,2,920.05,4.55,2,920.05,0,2,3,0,2,3,0,1,0,3368703,33]}},"1":{"index":1,"0":{"type":"bitmap","libName":"00Bitmap 6","x":3,"y":931.05,"r":-1.5706131013118991,"sx":0.4933929443359375,"sy":0.4916839599609375,"skewX":-1.5706131013118991,"skewY":-1.5706131013118991}}},"9":{"x":87,"y":27.35,"name":"water2","type":"sprite","r":0,"sx":0.9954681396484375,"sy":0.9954376220703125,"a":0,"skewX":0,"skewY":3.141592653589793,"0":{"type":"bitmap","libName":"00Bitmap 8","x":0,"y":985,"r":-1.5707047140533978,"sx":1,"sy":1,"skewX":-1.5707047140533978,"skewY":-1.5707047140533978}},"10":{"x":-1,"y":27.35,"name":"water1","type":"sprite","r":0,"sx":0.9954681396484375,"sy":0.9954376220703125,"a":0,"skewX":0,"skewY":0,"0":{"type":"bitmap","libName":"00Bitmap 8","x":0,"y":985,"r":-1.5707047140533978,"sx":1,"sy":1,"skewX":-1.5707047140533978,"skewY":-1.5707047140533978}},"11":{"x":1.95,"y":2.85,"name":"containerMask","type":"sprite","r":0,"sx":1,"sy":1,"a":1,"skewX":0,"skewY":0,"0":{"type":"shape","path":[255,0.15,0.65,2,0.15,38.7,2,992,38.65,2,991.6,0.65,2,0.15,0.65,2,0.15,0.65,1,1,0,1,32,0,255,33]}},"12":{"x":0.5,"y":0,"name":"","type":"sprite","r":0,"sx":1,"sy":1,"a":1,"skewX":0,"skewY":0,"linkageClassName":"nb.pourLiquidOut|nb.SetRenderableToFalse","0":{"type":"bitmap","libName":"nb.pourLiquidOutImg","x":-2,"y":-2,"r":0,"sx":0.125,"sy":0.125,"skewX":0,"skewY":0}},"13":{"x":42,"y":0,"name":"","type":"sprite","r":0,"sx":1,"sy":1,"a":1,"skewX":0,"skewY":0,"linkageClassName":"nb.pourLiquidIn|nb.SetRenderableToFalse","0":{"type":"bitmap","libName":"nb.pourLiquidImg","x":-2,"y":-2,"r":0,"sx":0.114288330078125,"sy":0.114288330078125,"skewX":0,"skewY":0}},"14":{"x":-156,"y":-96,"name":"magnifier","type":"sprite","r":0,"sx":0.88421630859375,"sy":0.884185791015625,"a":0,"skewX":0,"skewY":0,"0":{"type":"bitmap","libName":"00Bitmap 2","x":9.85,"y":1959.25,"r":-1.5707047140533978,"sx":1,"sy":1,"skewX":-1.5707047140533978,"skewY":-1.5707047140533978},"1":{"type":"bitmap","libName":"00Bitmap 4","x":8.1,"y":2140,"r":-1.5707505204241472,"sx":2,"sy":2,"skewX":-1.5707505204241472,"skewY":-1.5707505204241472},"2":{"type":"shape","path":[255,0,5.2,2,0,93.2,2,2141,93.2,2,2141,5.2,2,0,5.2,2,0,5.2,1,1,5462111,33]}},"15":{"x":0,"y":0,"name":"bg","type":"sprite","r":0,"sx":1,"sy":1,"a":1,"skewX":0,"skewY":0,"0":{"type":"bitmap","libName":"b6c0fa39.png","x":2,"y":1001,"r":0,"sx":1,"sy":1,"skewX":0,"skewY":0},"1":{"type":"bitmap","libName":"00Bitmap 4","x":1,"y":1070,"r":-1.5707047140533978,"sx":1,"sy":1,"skewX":-1.5707047140533978,"skewY":-1.5707047140533978},"2":{"type":"bitmap","libName":"0556fd2d.png","x":7,"y":1147,"r":0,"sx":1,"sy":1,"skewX":0,"skewY":0}},"16":{"x":8.8,"y":1192.6,"name":"lowerGlassTube","type":"sprite","r":0,"sx":1,