{"type":"sprite","x":0,"y":0,"name":"","0":{"x":-2.5,"y":-87.45,"name":"head","type":"sprite","r":0,"sx":1,"sy":1,"a":1,"skewX":0,"skewY":0,"0":{"type":"bitmap","libName":"ae4aa8d9.png","x":-36.95,"y":-59.5,"r":0,"sx":1,"sy":1,"skewX":0,"skewY":0}},"1":{"x":1,"y":-98.1,"name":"lightOnRef","type":"sprite","r":0,"sx":0.3350067138671875,"sy":0.457427978515625,"a":1,"skewX":0,"skewY":0,"linkageClassName":"nb.SetRenderableToFalse","0":{"type":"bitmap","libName":"Bitmap 1","x":-90,"y":-90,"r":0,"sx":2.337646484375,"sy":1.5125579833984375,"skewX":0,"skewY":0}},"2":{"x":-0.5,"y":-0.5,"name":"realBg","type":"sprite","r":0,"sx":1,"sy":1,"a":1,"skewX":0,"skewY":0,"0":{"type":"bitmap","libName":"图层 2.png","x":-115,"y":-112,"r":0,"sx":0.5010833740234375,"sy":0.502227783203125,"skewX":0,"skewY":0},"1":{"x":0.5,"y":30.5,"name":"liquid","type":"sprite","r":0,"sx":1,"sy":1,"a":1,"skewX":0,"skewY":0,"0":{"type":"bitmap","libName":"图层 3.png","x":-113.5,"y":-79.5,"r":0,"sx":0.5,"sy":0.5,"skewX":0,"skewY":0}}},"3":{"x":-2,"y":26.55,"name":"bgMask","type":"sprite","r":0.000015180018213451657,"sx":0.9999237060546875,"sy":0.9999237060546875,"a":1,"skewX":0.000015180018213451657,"skewY":0.000015180018213451657,"0":{"type":"shape","path":[255,-22.5,112.45,21.993359375,135.7888671875,96.2,90.95,3,96.2,90.95,2,97,-93.25,36.1095703125,-127.042578125,-7.75,-122.65,3,-7.75,-122.65,-33.2904296875,-114.38359375,-42.95,-67.675,3,-42.95,-67.675,-52.60703125,-20.962109375,-46.775,43.1,3,-46.775,43.1,-40.9455078125,107.1572265625,-22.5,112.45,3,0.09803921568627451,0,33]}},"4":{"x":-89.45,"y":-261.4,"name":"fireRect","type":"sprite","r":0,"sx":1,"sy":1,"a":1,"skewX":0,"skewY":0,"linkageClassName":"nb.SetRenderableToFalse|nb.SetInteractiveToFalse|nb.setAllowGetBoundsToFalse","0":{"type":"bitmap","libName":"Bitmap 1","x":0,"y":0,"r":0,"sx":2.337646484375,"sy":1.5125579833984375,"skewX":0,"skewY":0}},"5":{"x":-1.15,"y":-45.15,"name":"bg","type":"sprite","r":0,"sx":1,"sy":1,"a":0,"skewX":0,"skewY":0,"0":{"type":"bitmap","libName":"ae4aa8d9.png","x":-35.5,"y":-101.15,"r":0,"sx":1,"sy":1,"skewX":0,"skewY":0},"1":{"type":"bitmap","libName":"09073f6e.png","x":-114.5,"y":-65.95,"r":0,"sx":1,"sy":1,"skewX":0,"skewY":0}}}