{"type":"sprite","x":0,"y":0,"name":"","0":{"x":47.25,"y":187.4,"name":"graMask","type":"sprite","r":0,"sx":1,"sy":1,"a":1,"skewX":0,"skewY":0,"0":{"type":"shape","path":[255,-35,0,2,-35,244,2,35,244,2,35,0,2,-35,0,2,-35,0,1,0,13260,33]}},"1":{"x":212.95,"y":94.95,"name":"pushBtn","type":"sprite","r":0,"sx":0.79998779296875,"sy":0.79998779296875,"a":1,"skewX":0,"skewY":0,"0":{"x":0,"y":0,"w":115.65,"h":42,"name":"txt","type":"text","r":0,"txt":"Push","a":"center","f":"34px 'Arial'","c":"#FFFFFF"},"1":{"type":"shape","path":[255,-20.45,60,2,20.45,60,30,60,30,53.65,3,30,53.65,2,30,-53.6,30,-60,20.45,-60,3,20.45,-60,2,-20.45,-60,-30,-60,-30,-53.6,3,-30,-53.6,2,-30,53.65,-30,60,-20.45,60,3,1,4500460,33]}},"2":{"type":"bitmap","libName":"大号无孔塞.png","x":47.75,"y":169,"r":1.5704911285339735,"sx":0.2499847412109375,"sy":0.2499847412109375,"skewX":1.5704911285339735,"skewY":1.5704911285339735},"3":{"type":"bitmap","libName":"50ml针管.png","x":24,"y":268,"r":-1.5706131013118991,"sx":0.5,"sy":0.5,"skewX":-1.5706131013118991,"skewY":-1.5706131013118991},"4":{"x":48.15,"y":157.55,"name":"no2GasBg","type":"sprite","r":0,"sx":1,"sy":1,"a":0.6,"skewX":0,"skewY":0,"0":{"type":"shape","path":[255,0,242.75,2,59.9,242.75,2,59.9,15.65,2,36.55,8.65,2,36.55,0,2,24.4,0,2,24.4,8.7,2,0,16.3,2,0,242.75,2,0,242.75,1,1,10103580,33]}},"5":{"x":291,"y":151,"name":"pushPart","type":"sprite","r":0,"sx":1,"sy":1,"a":1,"skewX":0,"skewY":0,"0":{"type":"bitmap","libName":"50ml塞.png","x":0,"y":70,"r":-1.5706131013118991,"sx":0.5,"sy":0.5,"skewX":-1.5706131013118991,"skewY":-1.5706131013118991}}}