{"type":"sprite","x":0,"y":0,"name":"","0":{"x":140,"y":100,"name":"shortStirBtn","type":"sprite","r":0,"sx":1,"sy":1,"a":1,"skewX":0,"skewY":0,"0":{"x":0,"y":0,"w":120,"h":30.85,"name":"txt","type":"text","r":0,"txt":"Stir2","a":"center","f":"24px 'Arial'","c":"#FFFFFF"},"1":{"type":"shape","path":[255,-20.45,60,2,20.45,60,30,60,30,53.65,3,30,53.65,2,30,-53.6,30,-60,20.45,-60,3,20.45,-60,2,-20.45,-60,-30,-60,-30,-53.6,3,-30,-53.6,2,-30,53.65,-30,60,-20.45,60,3,1,4500460,33]}},"1":{"x":140,"y":32,"name":"stirBtn","type":"sprite","r":0,"sx":1,"sy":1,"a":1,"skewX":0,"skewY":0,"0":{"x":0,"y":0,"w":120,"h":30.85,"name":"txt","type":"text","r":0,"txt":"Stir","a":"center","f":"24px 'Arial'","c":"#FFFFFF"},"1":{"type":"shape","path":[255,-20.45,60,2,20.45,60,30,60,30,53.65,3,30,53.65,2,30,-53.6,30,-60,20.45,-60,3,20.45,-60,2,-20.45,-60,-30,-60,-30,-53.6,3,-30,-53.6,2,-30,53.65,-30,60,-20.45,60,3,1,4500460,33]}},"2":{"x":17.85,"y":348.1,"name":"refA","type":"sprite","r":0,"sx":1,"sy":1,"a":1,"skewX":0,"skewY":0},"3":{"x":45.9,"y":129.45,"name":"","type":"sprite","r":1.5707047140533978,"sx":1,"sy":1,"a":1,"skewX":1.5707047140533978,"skewY":1.5707047140533978,"linkageClassName":"nb.pourLiquidIn|nb.SetRenderableToFalse","0":{"type":"bitmap","libName":"nb.pourLiquidImg","x":-17.5,"y":-17.5,"r":0,"sx":1,"sy":1,"skewX":0,"skewY":0}},"4":{"x":45.25,"y":497.2,"name":"hitHead","type":"sprite","r":0,"sx":1,"sy":1,"a":0,"skewX":0,"skewY":0,"0":{"type":"shape","path":[255,1.6,0,2,0,0,2,0,3,2,1.6,3,2,1.6,0,2,1.6,0,1,1,4539717,33]}},"5":{"x":41.05,"y":416.35,"name":"head","type":"sprite","r":0,"sx":1,"sy":1,"a":0,"skewX":0,"skewY":0,"0":{"type":"shape","path":[255,0,0,2,0,12.5,2,83.85,12.5,2,83.85,0,2,0,0,2,0,0,1,1,4539717,33]}},"6":{"x":40,"y":1,"name":"oilMask","type":"sprite","r":0,"sx":1,"sy":1,"a":1,"skewX":0,"skewY":0,"0":{"x":0.3,"y":419.3,"name":"s8","type":"sprite","r":0,"sx":1,"sy":1,"a":1,"skewX":0,"skewY":0,"0":{"type":"bitmap","libName":"s8.png","x":12,"y":0,"r":1.5707963267948966,"sx":1,"sy":1,"skewX":1.5707963267948966,"skewY":1.5707963267948966}},"1":{"x":0.3,"y":360,"name":"s7","type":"sprite","r":0,"sx":1,"sy":1,"a":1,"skewX":0,"skewY":0,"0":{"type":"bitmap","libName":"s7.png","x":12,"y":0,"r":1.5707963267948966,"sx":1,"sy":1,"skewX":1.5707963267948966,"skewY":1.5707963267948966}},"2":{"x":0.3,"y":300.85,"name":"s6","type":"sprite","r":0,"sx":1,"sy":1,"a":1,"skewX":0,"skewY":0,"0":{"type":"bitmap","libName":"s6.png","x":12,"y":0,"r":1.5707963267948966,"sx":1,"sy":1,"skewX":1.5707963267948966,"skewY":1.5707963267948966}},"3":{"x":0.3,"y":241.85,"name":"s5","type":"sprite","r":0,"sx":1,"sy":1,"a":1,"skewX":0,"skewY":0,"0":{"type":"bitmap","libName":"s5.png","x":12,"y":0,"r":1.5707963267948966,"sx":1,"sy":1,"skewX":1.5707963267948966,"skewY":1.5707963267948966}},"4":{"x":0.3,"y":177.35,"name":"s4","type":"sprite","r":0,"sx":1,"sy":1.08331298828125,"a":1,"skewX":0,"skewY":0,"0":{"type":"bitmap","libName":"s4.png","x":12,"y":0,"r":1.5707963267948966,"sx":1,"sy":1,"skewX":1.5707963267948966,"skewY":1.5707963267948966}},"5":{"x":0.3,"y":118.6,"name":"s3","type":"sprite","r":0,"sx":1,"sy":1,"a":1,"skewX":0,"skewY":0,"0":{"type":"bitmap","libName":"s3.png","x":12,"y":0,"r":1.5707963267948966,"sx":1,"sy":1,"skewX":1.5707963267948966,"skewY":1.5707963267948966}},"6":{"x":0.3,"y":59.55,"name":"s2","type":"sprite","r":0,"sx":1,"sy":1,"a":1,"skewX":0,"skewY":0,"0":{"type":"bitmap","libName":"s2.png","x":12,"y":0,"r":1.5707963267948966,"sx":1,"sy":1,"skewX":1.5707963267948966,"skewY":1.5707963267948966}},"7":{"x":0.3,"y":0.15,"name":"s1","type":"sprite","r":0,"sx":1,"sy":1,"a":1,"skewX":0,"skewY":0,"0":{"type":"bitmap","libName":"s1.png","x":12,"y":0,"r":1.5707963267948966,"sx":1,"sy":1,"skewX":1.5707963267948966,"skewY":1.5707963267948966}}},"7":{"x":47.35,"y":0,"name":"bg","type":"sprite","r":0,"sx":1,"sy":1,"a":1,"skewX":0,"skewY":0,"0":{"type":"bitmap","libName":"3f838f76.png copy 2","x":5,"y":0,"r":1.5707047140533978,"sx":1,"sy":1,"skewX":1.5707047140533978,"skewY":1.5707047140533978}},"8":{"x":46.15,"y":265.9,"name":"","type":"sprite","r":1.5707047140533978,"sx":0.66595458984375,"sy":1,"a":1,"skewX":1.5707047140533978,"skewY":1.5707047140533978,"linkageClassName":"nb.SetRenderableToFalse|nb.setAllowGetBoundsToFalse","0":{"type":"bitmap","libName":"Bitmap 1","x":-396,"y":-46.1,"r":0,"sx":0.938568115234375,"sy":0.85369873046875,"skewX":0,"skewY":0}}}