{"type":"sprite","x":0,"y":0,"name":"","0":{"x":24.45,"y":-15.35,"name":"dragArea","type":"sprite","r":0,"sx":1,"sy":1,"a":0,"skewX":0,"skewY":0,"0":{"type":"shape","path":[255,0,345,2,152.2,345,2,152.2,0,2,0,0,2,0,345,2,0,345,1,0.6980392156862745,6684927,33]}},"1":{"x":370,"y":65,"name":"drop","type":"sprite","r":0,"sx":1,"sy":1,"a":0,"skewX":0,"skewY":0,"0":{"type":"bitmap","libName":"DropperWater","x":-14,"y":0,"r":0,"sx":0.5,"sy":0.5,"skewX":0,"skewY":0}},"2":{"x":192,"y":64,"name":"","type":"sprite","r":0,"sx":1,"sy":1,"a":1,"skewX":0,"skewY":0,"capacityVertex":[{"x":321.65,"y":33},{"x":322,"y":96},{"x":62.19999999999999,"y":96},{"x":62,"y":33.5}],"0":{"type":"shape","path":[255,-30.5,-130,2,-31,129.65,2,32,130,2,32,-129.8,2,-30.5,-130,2,-30.5,-130,1,1,16711680,0.1,32]}},"3":{"x":198.5,"y":64,"name":"barrel","type":"sprite","r":0,"sx":1,"sy":1,"a":1,"skewX":0,"skewY":0,"0":{"type":"bitmap","libName":"50ml针管.png","x":172,"y":-92,"r":1.5706589076826485,"sx":0.574798583984375,"sy":0.574951171875,"skewX":1.5706589076826485,"skewY":1.5706589076826485}},"4":{"x":322,"y":66.75,"name":"plunger","type":"sprite","r":0,"sx":1,"sy":1,"a":1,"skewX":0,"skewY":0,"0":{"x":-187,"y":-2.1,"name":"","type":"sprite","r":0,"sx":0.9999847412109375,"sy":0.99993896484375,"a":1,"skewX":0,"skewY":0,"linkageClassName":"nb.interactivePinch","0":{"type":"bitmap","libName":"nb.stretchTexture","x":-187,"y":-33,"r":0,"sx":7.1925506591796875,"sy":1.1184539794921875,"skewX":0,"skewY":0}},"1":{"type":"bitmap","libName":"50ml塞.png","x":0,"y":-41,"r":1.5707657004423605,"sx":0.578704833984375,"sy":0.58563232421875,"skewX":1.5707657004423605,"skewY":1.5707657004423605}},"5":{"x":370,"y":65,"name":"dripMouth","type":"sprite","r":0,"sx":1,"sy":1,"a":1,"skewX":0,"skewY":0,"0":{"type":"shape","path":[255,13.4,-8.85,2,-13.45,-8.85,2,-13.45,8.85,2,13.4,8.85,2,13.4,-8.85,2,13.4,-8.85,1,0,3342591,33]}},"6":{"x":155.05,"y":64,"name":"bg","type":"sprite","r":0,"sx":1,"sy":1,"a":0,"skewX":0,"skewY":0,"0":{"type":"bitmap","libName":"50ml针管.png","x":215,"y":-92,"r":1.5706589076826485,"sx":0.574798583984375,"sy":0.574981689453125,"skewX":1.5706589076826485,"skewY":1.5706589076826485},"1":{"type":"bitmap","libName":"50ml塞.png","x":168,"y":-38,"r":1.5707657004423605,"sx":0.578582763671875,"sy":0.585662841796875,"skewX":1.5707963267948966,"skewY":1.5707657004423605}}}