{"type":"sprite","x":0,"y":0,"name":"","0":{"x":55.1,"y":473.7,"name":"match","type":"sprite","r":0,"sx":1,"sy":1,"a":1,"skewX":0,"skewY":0,"0":{"type":"bitmap","libName":"位图 12","x":-7.45,"y":8.35,"r":0,"sx":0.5,"sy":0.5,"skewX":0,"skewY":0},"1":{"type":"bitmap","libName":"位图 12","x":-6.7,"y":-2.55,"r":0,"sx":0.5,"sy":0.5,"skewX":0,"skewY":0},"2":{"type":"bitmap","libName":"Bitmap 1","x":1.15,"y":-0.1,"r":0.034898062924398336,"sx":1,"sy":1,"skewX":0.034898062924398336,"skewY":0.034898062924398336}},"1":{"x":58.25,"y":439.95,"name":"globalAryBody","type":"sprite","r":0,"sx":1,"sy":1,"a":1,"skewX":0,"skewY":0,"0":{"type":"shape","path":[255,55,14,2,55,-14,2,-55,-14,2,-55,14,2,55,14,2,55,14,1,0,65280,33]}},"2":{"x":59,"y":249.5,"name":"redIronPic","type":"sprite","r":0,"sx":1,"sy":1,"a":0,"skewX":0,"skewY":0,"0":{"type":"bitmap","libName":"烧红铁丝.png","x":-11,"y":-249.5,"r":0,"sx":0.4888916015625,"sy":0.4994964599609375,"skewX":0,"skewY":0}},"3":{"x":40,"y":0,"name":"iron_mask","type":"sprite","r":0,"sx":1,"sy":3.921142578125,"a":0,"skewX":0,"skewY":0,"0":{"type":"shape","path":[255,0,0,2,0,40,2,127,40,2,127,0,2,0,0,2,0,0,1,1,52224,33]}},"4":{"x":48,"y":0,"name":"iron","type":"sprite","r":0,"sx":1,"sy":1,"a":1,"skewX":0,"skewY":0,"0":{"type":"bitmap","libName":"位图 11","x":0,"y":-0.5,"r":0,"sx":0.5,"sy":0.5,"skewX":0,"skewY":0}},"5":{"x":59.65,"y":508.25,"name":"match_mask","type":"sprite","r":1.5707353404059337,"sx":1.147247314453125,"sy":0.938018798828125,"a":0,"skewX":1.5707201603877203,"skewY":1.5707353404059337,"0":{"type":"shape","path":[255,-16,-30.5,2,-16,30.5,2,16,30.5,2,16,-30.5,2,-16,-30.5,2,-16,-30.5,1,1,16711680,33]}},"6":{"x":35.85,"y":258.9,"name":"bg","type":"sprite","r":0,"sx":1,"sy":1,"a":0,"skewX":0,"skewY":0,"0":{"type":"bitmap","libName":"位图 1","x":12.7,"y":-259.4,"r":0,"sx":1,"sy":1,"skewX":0,"skewY":0}}}