{"type":"sprite","x":0,"y":0,"name":"","0":{"x":0,"y":0,"name":"dragArea","type":"sprite","r":0,"sx":1,"sy":0.9999847412109375,"a":1,"skewX":0,"skewY":0,"0":{"type":"shape","path":[255,0,713,2,374.35,713,2,374.35,0,2,0,0,2,0,713,2,0,713,1,0,3342591,33]}},"1":{"x":357,"y":187,"name":"bg","type":"sprite","r":0,"sx":1,"sy":1,"a":1,"skewX":0,"skewY":0,"0":{"type":"bitmap","libName":"冰水缸.png","x":-357,"y":-187,"r":0,"sx":1.77801513671875,"sy":1.77410888671875,"skewX":0,"skewY":0},"1":{"type":"bitmap","libName":"水.png","x":-357,"y":-124,"r":0,"sx":1.77801513671875,"sy":1.77410888671875,"skewX":0,"skewY":0},"2":{"type":"bitmap","libName":"冰.png","x":-357,"y":-80,"r":0,"sx":1.77801513671875,"sy":1.77410888671875,"skewX":0,"skewY":0}}}