{"type":"sprite","x":0,"y":0,"name":"","0":{"x":-57.5,"y":-68.75,"name":"","type":"sprite","r":0,"sx":1,"sy":1,"a":1,"skewX":0,"skewY":0,"capacityVertex":[{"x":48.599999999999994,"y":19.299999999999997},{"x":40.150000000000006,"y":35.349999999999994},{"x":10.450000000000003,"y":35.650000000000006},{"x":3.25,"y":20.049999999999997}],"0":{"type":"shape","path":[255,104.4,67.95,2,88.8,60.75,2,88.05,106.1,2,104.1,97.65,2,104.4,67.95,2,104.4,67.95,1,1,52326,1,32]}},"1":{"x":0,"y":0,"name":"flowerImg","type":"sprite","r":0,"sx":1,"sy":1,"a":1,"skewX":0,"skewY":0,"0":{"type":"bitmap","libName":"Bitmap 1","x":0,"y":0,"r":0,"sx":0.83331298828125,"sy":0.83331298828125,"skewX":0,"skewY":0}},"2":{"x":175.5,"y":-70,"name":"hairDryer","type":"sprite","r":0,"sx":1,"sy":1,"a":1,"skewX":0,"skewY":0,"0":{"type":"bitmap","libName":"Bitmap 2","x":-123.05,"y":2.45,"r":-0.34906371986999385,"sx":0.9999847412109375,"sy":0.9999847412109375,"skewX":-0.34906371986999385,"skewY":-0.34906371986999385}},"3":{"x":0,"y":0,"name":"bg","type":"sprite","r":0,"sx":1,"sy":1,"a":1,"skewX":0,"skewY":0,"0":{"type":"bitmap","libName":"Bitmap 1","x":0,"y":0,"r":0,"sx":0.83331298828125,"sy":0.83331298828125,"skewX":0,"skewY":0}}}