{"type":"sprite","x":0,"y":0,"name":"","0":{"x":0,"y":0,"name":"bg","type":"sprite","r":0,"sx":1,"sy":1,"a":1,"skewX":0,"skewY":0,"0":{"type":"bitmap","libName":"探棒.png","x":-18,"y":0,"r":0,"sx":1,"sy":1.03857421875,"skewX":0,"skewY":0},"1":{"type":"bitmap","libName":"rope","x":12,"y":-25,"r":1.5707047140533978,"sx":0.983612060546875,"sy":1,"skewX":1.5707201603877203,"skewY":1.5707047140533978}}}