{"type":"sprite","x":0,"y":0,"name":"","0":{"x":383.95,"y":25.75,"name":"","type":"sprite","r":0,"sx":1,"sy":1,"a":1,"skewX":0,"skewY":0,"0":{"x":-228.45,"y":-0.25,"name":"area0","type":"sprite","r":0,"sx":1.0206146240234375,"sy":1,"a":1,"skewX":0,"skewY":0,"0":{"type":"bitmap","libName":"Bitmap 3","x":-48.5,"y":-26,"r":0,"sx":1,"sy":1,"skewX":0,"skewY":0}},"1":{"x":-73.5,"y":-0.75,"name":"area1","type":"sprite","r":0,"sx":1.0325927734375,"sy":1,"a":1,"skewX":0,"skewY":0,"0":{"type":"bitmap","libName":"Bitmap 5","x":-46,"y":-25.5,"r":0,"sx":1,"sy":1,"skewX":0,"skewY":0}},"2":{"x":78.5,"y":0.25,"name":"area2","type":"sprite","r":0,"sx":1.0429840087890625,"sy":1,"a":1,"skewX":0,"skewY":0,"0":{"type":"bitmap","libName":"Bitmap 6","x":-46.5,"y":-26,"r":0,"sx":1,"sy":1,"skewX":0,"skewY":0}},"3":{"x":227.95,"y":-1.25,"name":"area3","type":"sprite","r":0,"sx":1.0203857421875,"sy":1,"a":1,"skewX":0,"skewY":0,"0":{"type":"bitmap","libName":"Bitmap 7","x":-49,"y":-25,"r":0,"sx":1,"sy":1,"skewX":0,"skewY":0}}},"1":{"x":112.9,"y":0.45,"name":"chooseArea","type":"sprite","r":0,"sx":1,"sy":1,"a":1,"skewX":0,"skewY":0,"0":{"x":503.2,"y":-2.85,"name":"area3","type":"sprite","r":0,"sx":0.915802001953125,"sy":1,"a":0.47,"skewX":0,"skewY":0,"0":{"type":"shape","path":[255,0,37.05,2,342.45,37.05,2,342.45,-37.05,2,0,-37.05,2,0,37.05,2,0,37.05,1,0,3394713,33]}},"1":{"x":349.8,"y":-2.85,"name":"area2","type":"sprite","r":0,"sx":0.915802001953125,"sy":1,"a":0.47,"skewX":0,"skewY":0,"0":{"type":"shape","path":[255,0,37.05,2,342.45,37.05,2,342.45,-37.05,2,0,-37.05,2,0,37.05,2,0,37.05,1,0,3394713,33]}},"2":{"x":196.5,"y":-2.85,"name":"area1","type":"sprite","r":0,"sx":0.915802001953125,"sy":1,"a":0.47,"skewX":0,"skewY":0,"0":{"type":"shape","path":[255,0,37.05,2,342.45,37.05,2,342.45,-37.05,2,0,-37.05,2,0,37.05,2,0,37.05,1,0,3394713,33]}},"3":{"x":43.2,"y":-2.85,"name":"area0","type":"sprite","r":0,"sx":0.915802001953125,"sy":1,"a":0.47,"skewX":0,"skewY":0,"0":{"type":"shape","path":[255,0,37.05,2,342.45,37.05,2,342.45,-37.05,2,0,-37.05,2,0,37.05,2,0,37.05,1,0,3394713,33]}}},"2":{"x":155.5,"y":25.5,"name":"area0","type":"sprite","r":0,"sx":1.0206146240234375,"sy":1,"a":1,"skewX":0,"skewY":0,"0":{"type":"bitmap","libName":"Bitmap 3","x":-48.5,"y":-26,"r":0,"sx":1,"sy":1,"skewX":0,"skewY":0}},"3":{"x":310.45,"y":25,"name":"area1","type":"sprite","r":0,"sx":1.0325927734375,"sy":1,"a":1,"skewX":0,"skewY":0,"0":{"type":"bitmap","libName":"Bitmap 5","x":-46,"y":-25.5,"r":0,"sx":1,"sy":1,"skewX":0,"skewY":0}},"4":{"x":462.45,"y":26,"name":"area2","type":"sprite","r":0,"sx":1.0429840087890625,"sy":1,"a":1,"skewX":0,"skewY":0,"0":{"type":"bitmap","libName":"Bitmap 6","x":-46.5,"y":-26,"r":0,"sx":1,"sy":1,"skewX":0,"skewY":0}},"5":{"x":611.9,"y":24.5,"name":"area3","type":"sprite","r":0,"sx":1.0203857421875,"sy":1,"a":1,"skewX":0,"skewY":0,"0":{"type":"bitmap","libName":"Bitmap 7","x":-49,"y":-25,"r":0,"sx":1,"sy":1,"skewX":0,"skewY":0}},"6":{"type":"bitmap","libName":"Bitmap 9","x":1,"y":0,"r":0,"sx":1,"sy":1,"skewX":0,"skewY":0},"7":{"type":"bitmap","libName":"9c534cae.png copy","x":0,"y":0.4,"r":0,"sx":1,"sy":1,"skewX":0,"skewY":0},"8":{"type":"bitmap","libName":"528dcd8d.png","x":214.3,"y":89.15,"r":0,"sx":1,"sy":1,"skewX":0,"skewY":0},"9":{"x":387.05,"y":175.95,"name":"bg","type":"sprite","r":0,"sx":1,"sy":1,"a":1,"skewX":0,"skewY":0,"0":{"type":"bitmap","libName":"6f9cabac.png","x":-385.5,"y":-174.5,"r":0,"sx":1,"sy":1,"skewX":0,"skewY":0}}}